<application>
  <component name="FindSettings">
    <option name="customScope" value="All Places" />
    <option name="defaultScopeName" value="All Places" />
    <option name="SEARCH_SCOPE" value="All Places" />
    <recentFileMasks>
      <mask>*.properties</mask>
      <mask>*.html</mask>
      <mask>*.jsp</mask>
      <mask>*.java</mask>
      <mask>*.js</mask>
      <mask>*.as</mask>
      <mask>*.css</mask>
      <mask>*.mxml</mask>
      <mask>*.xml</mask>
    </recentFileMasks>
  </component>
</application>