<keymap version="1" name="Mac OS X 10.5+ copy" parent="Mac OS X 10.5+">
  <action id="$EditorTranslateAction">
    <keyboard-shortcut first-keystroke="alt e" />
  </action>
  <action id="A8Translate.TranslateAction">
    <keyboard-shortcut first-keystroke="alt t" />
    <keyboard-shortcut first-keystroke="alt 1" />
  </action>
  <action id="AddToFavorites">
    <keyboard-shortcut first-keystroke="meta alt 0" />
  </action>
  <action id="Back">
    <keyboard-shortcut first-keystroke="alt q" />
  </action>
  <action id="Editor EditorTranslateAction">
    <keyboard-shortcut first-keystroke="alt e" />
  </action>
  <action id="Forward">
    <keyboard-shortcut first-keystroke="alt w" />
  </action>
  <action id="SearchEverywhere">
    <keyboard-shortcut first-keystroke="shift f" />
  </action>
  <action id="ShowBookmarks">
    <keyboard-shortcut first-keystroke="shift #100007e" />
  </action>
  <action id="ToggleBookmark">
    <keyboard-shortcut first-keystroke="back_quote" />
  </action>
</keymap>