<keymap version="1" name="Mac OS X copy" parent="Mac OS X">
  <action id="Back">
    <mouse-shortcut keystroke="button4" />
    <keyboard-shortcut first-keystroke="shift q" />
  </action>
  <action id="FindInPath">
    <keyboard-shortcut first-keystroke="shift f" />
  </action>
  <action id="Forward">
    <mouse-shortcut keystroke="button5" />
    <keyboard-shortcut first-keystroke="shift w" />
  </action>
  <action id="ShowBookmarks">
    <keyboard-shortcut first-keystroke="shift #100007e" />
  </action>
  <action id="ToggleBookmark">
    <keyboard-shortcut first-keystroke="back_quote" />
  </action>
  <action id="ToggleBookmarkWithMnemonic" />
</keymap>